title,description
test1,test1 task for csv read
test2,test2 task
improve csv,improve this csv
improve code,improve code read
test1,test1 task for csv read
test2,test2 task
improve csv,improve this csv
improve code,improve code read
test1,test1 task for csv read
test2,test2 task
improve csv,improve this csv
improve code,improve code read
test1,test1 task for csv read
test2,test2 task
improve csv,improve this csv
improve code,improve code read
test1,test1 task for csv read
test2,test2 task
improve csv,improve this csv
improve code,improve code read
test1,test1 task for csv read
test2,test2 task
improve csv,improve this csv
improve code,improve code read
test1,test1 task for csv read
test2,test2 task
improve csv,improve this csv
improve code,improve code read
test1,test1 task for csv read
test2,test2 task
improve csv,improve this csv
improve code,improve code read
test1,test1 task for csv read
test2,test2 task
improve csv,improve this csv
improve code,improve code read
test1,test1 task for csv read
test2,test2 task
improve csv,improve this csv
improve code,improve code read
test1,test1 task for csv read
test2,test2 task
improve csv,improve this csv
improve code,improve code read
test1,test1 task for csv read
test2,test2 task
improve csv,improve this csv
improve code,improve code read
test1,test1 task for csv read
test2,test2 task
improve csv,improve this csv
improve code,improve code read
test1,test1 task for csv read
test2,test2 task
improve csv,improve this csv
improve code,improve code read
test1,test1 task for csv read
test2,test2 task
improve csv,improve this csv
improve code,improve code read
test1,test1 task for csv read
test2,test2 task
improve csv,improve this csv
improve code,improve code read
test1,test1 task for csv read
test2,test2 task
improve csv,improve this csv
improve code,improve code read
test1,test1 task for csv read
test2,test2 task
improve csv,improve this csv
improve code,improve code read
test1,test1 task for csv read
test2,test2 task
improve csv,improve this csv
improve code,improve code read
test1,test1 task for csv read
test2,test2 task
improve csv,improve this csv
improve code,improve code read
test1,test1 task for csv read
test2,test2 task
improve csv,improve this csv
improve code,improve code read
test1,test1 task for csv read
test2,test2 task
improve csv,improve this csv
improve code,improve code read
test1,test1 task for csv read
test2,test2 task
improve csv,improve this csv
improve code,improve code read
test1,test1 task for csv read
test2,test2 task
improve csv,improve this csv
improve code,improve code read
test1,test1 task for csv read
test2,test2 task
improve csv,improve this csv
improve code,improve code read
test1,test1 task for csv read
test2,test2 task
improve csv,improve this csv
improve code,improve code read
test1,test1 task for csv read
test2,test2 task
improve csv,improve this csv
improve code,improve code read
test1,test1 task for csv read
test2,test2 task
improve csv,improve this csv
improve code,improve code read
test1,test1 task for csv read
test2,test2 task
improve csv,improve this csv
improve code,improve code read
test1,test1 task for csv read
test2,test2 task
improve csv,improve this csv
improve code,improve code read
test1,test1 task for csv read
test2,test2 task
improve csv,improve this csv
improve code,improve code read
test1,test1 task for csv read
test2,test2 task
improve csv,improve this csv
improve code,improve code read
test1,test1 task for csv read
test2,test2 task
improve csv,improve this csv
improve code,improve code read
test1,test1 task for csv read
test2,test2 task
improve csv,improve this csv
improve code,improve code read
test1,test1 task for csv read
test2,test2 task
improve csv,improve this csv
improve code,improve code read
test1,test1 task for csv read
test2,test2 task
improve csv,improve this csv
improve code,improve code read
test1,test1 task for csv read
test2,test2 task
improve csv,improve this csv
improve code,improve code read
test1,test1 task for csv read
test2,test2 task
improve csv,improve this csv
improve code,improve code read
test1,test1 task for csv read
test2,test2 task
improve csv,improve this csv
improve code,improve code read
test1,test1 task for csv read
test2,test2 task
improve csv,improve this csv
improve code,improve code read
test1,test1 task for csv read
test2,test2 task
improve csv,improve this csv
improve code,improve code read
test1,test1 task for csv read
test2,test2 task
improve csv,improve this csv
improve code,improve code read
test1,test1 task for csv read
test2,test2 task
improve csv,improve this csv
improve code,improve code read
test1,test1 task for csv read
test2,test2 task
improve csv,improve this csv
improve code,improve code read
test1,test1 task for csv read
test2,test2 task
improve csv,improve this csv
improve code,improve code read
test1,test1 task for csv read
test2,test2 task
improve csv,improve this csv
improve code,improve code read
test1,test1 task for csv read
test2,test2 task
improve csv,improve this csv
improve code,improve code read
test1,test1 task for csv read
test2,test2 task
improve csv,improve this csv
improve code,improve code read
test1,test1 task for csv read
test2,test2 task
improve csv,improve this csv
improve code,improve code read
test1,test1 task for csv read
test2,test2 task
improve csv,improve this csv
improve code,improve code read
test1,test1 task for csv read
test2,test2 task
improve csv,improve this csv
improve code,improve code read
test1,test1 task for csv read
test2,test2 task
improve csv,improve this csv
improve code,improve code read
test1,test1 task for csv read
test2,test2 task
improve csv,improve this csv
improve code,improve code read
test1,test1 task for csv read
test2,test2 task
improve csv,improve this csv
improve code,improve code read
test1,test1 task for csv read
test2,test2 task
improve csv,improve this csv
improve code,improve code read
test1,test1 task for csv read
test2,test2 task
improve csv,improve this csv
improve code,improve code read
test1,test1 task for csv read
test2,test2 task
improve csv,improve this csv
improve code,improve code read
test1,test1 task for csv read
test2,test2 task
improve csv,improve this csv
improve code,improve code read
test1,test1 task for csv read
test2,test2 task
improve csv,improve this csv
improve code,improve code read
test1,test1 task for csv read
test2,test2 task
improve csv,improve this csv
improve code,improve code read
test1,test1 task for csv read
test2,test2 task
improve csv,improve this csv
improve code,improve code read
test1,test1 task for csv read
test2,test2 task
improve csv,improve this csv
improve code,improve code read
test1,test1 task for csv read
test2,test2 task
improve csv,improve this csv
improve code,improve code read
test1,test1 task for csv read
test2,test2 task
improve csv,improve this csv
improve code,improve code read
test1,test1 task for csv read
test2,test2 task
improve csv,improve this csv
improve code,improve code read
test1,test1 task for csv read
test2,test2 task
improve csv,improve this csv
improve code,improve code read
test1,test1 task for csv read
test2,test2 task
improve csv,improve this csv
improve code,improve code read
test1,test1 task for csv read
test2,test2 task
improve csv,improve this csv
improve code,improve code read
test1,test1 task for csv read
test2,test2 task
improve csv,improve this csv
improve code,improve code read
test1,test1 task for csv read
test2,test2 task
improve csv,improve this csv
improve code,improve code read
test1,test1 task for csv read
test2,test2 task
improve csv,improve this csv
improve code,improve code read
test1,test1 task for csv read
test2,test2 task
improve csv,improve this csv
improve code,improve code read
test1,test1 task for csv read
test2,test2 task
improve csv,improve this csv
improve code,improve code read
test1,test1 task for csv read
test2,test2 task
improve csv,improve this csv
improve code,improve code read
test1,test1 task for csv read
test2,test2 task
improve csv,improve this csv
improve code,improve code read
test1,test1 task for csv read
test2,test2 task
improve csv,improve this csv
improve code,improve code read
test1,test1 task for csv read
test2,test2 task
improve csv,improve this csv
improve code,improve code read
test1,test1 task for csv read
test2,test2 task
improve csv,improve this csv
improve code,improve code read
test1,test1 task for csv read
test2,test2 task
improve csv,improve this csv
improve code,improve code read
test1,test1 task for csv read
test2,test2 task
improve csv,improve this csv
improve code,improve code read
test1,test1 task for csv read
test2,test2 task
improve csv,improve this csv
improve code,improve code read
test1,test1 task for csv read
test2,test2 task
improve csv,improve this csv
improve code,improve code read
test1,test1 task for csv read
test2,test2 task
improve csv,improve this csv
improve code,improve code read
test1,test1 task for csv read
test2,test2 task
improve csv,improve this csv
improve code,improve code read
test1,test1 task for csv read
test2,test2 task
improve csv,improve this csv
improve code,improve code read
test1,test1 task for csv read
test2,test2 task
improve csv,improve this csv
improve code,improve code read
test1,test1 task for csv read
test2,test2 task
improve csv,improve this csv
improve code,improve code read
test1,test1 task for csv read
test2,test2 task
improve csv,improve this csv
improve code,improve code read
test1,test1 task for csv read
test2,test2 task
improve csv,improve this csv
improve code,improve code read
test1,test1 task for csv read
test2,test2 task
improve csv,improve this csv
improve code,improve code read
test1,test1 task for csv read
test2,test2 task
improve csv,improve this csv
improve code,improve code read
test1,test1 task for csv read
test2,test2 task
improve csv,improve this csv
improve code,improve code read
test1,test1 task for csv read
test2,test2 task
improve csv,improve this csv
improve code,improve code read
test1,test1 task for csv read
test2,test2 task
improve csv,improve this csv
improve code,improve code read
test1,test1 task for csv read
test2,test2 task
improve csv,improve this csv
improve code,improve code read
test1,test1 task for csv read
test2,test2 task
improve csv,improve this csv
improve code,improve code read
test1,test1 task for csv read
test2,test2 task
improve csv,improve this csv
improve code,improve code read
test1,test1 task for csv read
test2,test2 task
improve csv,improve this csv
improve code,improve code read
test1,test1 task for csv read
test2,test2 task
improve csv,improve this csv
improve code,improve code read
test1,test1 task for csv read
test2,test2 task
improve csv,improve this csv
improve code,improve code read
test1,test1 task for csv read
test2,test2 task
improve csv,improve this csv
improve code,improve code read
test1,test1 task for csv read
test2,test2 task
improve csv,improve this csv
improve code,improve code read
test1,test1 task for csv read
test2,test2 task
improve csv,improve this csv
improve code,improve code read
test1,test1 task for csv read
test2,test2 task
improve csv,improve this csv
improve code,improve code read
test1,test1 task for csv read
test2,test2 task
improve csv,improve this csv
improve code,improve code read
test1,test1 task for csv read
test2,test2 task
improve csv,improve this csv
improve code,improve code read
test1,test1 task for csv read
test2,test2 task
improve csv,improve this csv
improve code,improve code read
test1,test1 task for csv read
test2,test2 task
improve csv,improve this csv
improve code,improve code read
test1,test1 task for csv read
test2,test2 task
improve csv,improve this csv
improve code,improve code read
test1,test1 task for csv read
test2,test2 task
improve csv,improve this csv
improve code,improve code read
test1,test1 task for csv read
test2,test2 task
improve csv,improve this csv
improve code,improve code read
test1,test1 task for csv read
test2,test2 task
improve csv,improve this csv
improve code,improve code read
test1,test1 task for csv read
test2,test2 task
improve csv,improve this csv
improve code,improve code read
test1,test1 task for csv read
test2,test2 task
improve csv,improve this csv
improve code,improve code read
test1,test1 task for csv read
test2,test2 task
improve csv,improve this csv
improve code,improve code read
test1,test1 task for csv read
test2,test2 task
improve csv,improve this csv
improve code,improve code read
test1,test1 task for csv read
test2,test2 task
improve csv,improve this csv
improve code,improve code read
test1,test1 task for csv read
test2,test2 task
improve csv,improve this csv
improve code,improve code read
test1,test1 task for csv read
test2,test2 task
improve csv,improve this csv
improve code,improve code read
test1,test1 task for csv read
test2,test2 task
improve csv,improve this csv
improve code,improve code read
test1,test1 task for csv read
test2,test2 task
improve csv,improve this csv
improve code,improve code read
test1,test1 task for csv read
test2,test2 task
improve csv,improve this csv
improve code,improve code read
test1,test1 task for csv read
test2,test2 task
improve csv,improve this csv
improve code,improve code read
test1,test1 task for csv read
test2,test2 task
improve csv,improve this csv
improve code,improve code read
test1,test1 task for csv read
test2,test2 task
improve csv,improve this csv
improve code,improve code read
test1,test1 task for csv read
test2,test2 task
improve csv,improve this csv
improve code,improve code read
test1,test1 task for csv read
test2,test2 task
improve csv,improve this csv
improve code,improve code read
test1,test1 task for csv read
test2,test2 task
improve csv,improve this csv
improve code,improve code read
test1,test1 task for csv read
test2,test2 task
improve csv,improve this csv
improve code,improve code read
test1,test1 task for csv read
test2,test2 task
improve csv,improve this csv
improve code,improve code read
test1,test1 task for csv read
test2,test2 task
improve csv,improve this csv
improve code,improve code read
test1,test1 task for csv read
test2,test2 task
improve csv,improve this csv
improve code,improve code read
test1,test1 task for csv read
test2,test2 task
improve csv,improve this csv
improve code,improve code read
test1,test1 task for csv read
test2,test2 task
improve csv,improve this csv
improve code,improve code read
test1,test1 task for csv read
test2,test2 task
improve csv,improve this csv
improve code,improve code read
test1,test1 task for csv read
test2,test2 task
improve csv,improve this csv
improve code,improve code read
test1,test1 task for csv read
test2,test2 task
improve csv,improve this csv
improve code,improve code read
test1,test1 task for csv read
test2,test2 task
improve csv,improve this csv
improve code,improve code read
test1,test1 task for csv read
test2,test2 task
improve csv,improve this csv
improve code,improve code read
test1,test1 task for csv read
test2,test2 task
improve csv,improve this csv
improve code,improve code read
test1,test1 task for csv read
test2,test2 task
improve csv,improve this csv
improve code,improve code read
test1,test1 task for csv read
test2,test2 task
improve csv,improve this csv
improve code,improve code read
test1,test1 task for csv read
test2,test2 task
improve csv,improve this csv
improve code,improve code read
test1,test1 task for csv read
test2,test2 task
improve csv,improve this csv
improve code,improve code read
test1,test1 task for csv read
test2,test2 task
improve csv,improve this csv
improve code,improve code read
test1,test1 task for csv read
test2,test2 task
improve csv,improve this csv
improve code,improve code read
test1,test1 task for csv read
test2,test2 task
improve csv,improve this csv
improve code,improve code read
test1,test1 task for csv read
test2,test2 task
improve csv,improve this csv
improve code,improve code read
test1,test1 task for csv read
test2,test2 task
improve csv,improve this csv
improve code,improve code read
test1,test1 task for csv read
test2,test2 task
improve csv,improve this csv
improve code,improve code read
test1,test1 task for csv read
test2,test2 task
improve csv,improve this csv
improve code,improve code read
test1,test1 task for csv read
test2,test2 task
improve csv,improve this csv
improve code,improve code read
test1,test1 task for csv read
test2,test2 task
improve csv,improve this csv
improve code,improve code read
test1,test1 task for csv read
test2,test2 task
improve csv,improve this csv
improve code,improve code read
test1,test1 task for csv read
test2,test2 task
improve csv,improve this csv
improve code,improve code read
test1,test1 task for csv read
test2,test2 task
improve csv,improve this csv
improve code,improve code read
test1,test1 task for csv read
test2,test2 task
improve csv,improve this csv
improve code,improve code read
test1,test1 task for csv read
test2,test2 task
improve csv,improve this csv
improve code,improve code read
test1,test1 task for csv read
test2,test2 task
improve csv,improve this csv
improve code,improve code read
test1,test1 task for csv read
test2,test2 task
improve csv,improve this csv
improve code,improve code read
test1,test1 task for csv read
test2,test2 task
improve csv,improve this csv
improve code,improve code read
test1,test1 task for csv read
test2,test2 task
improve csv,improve this csv
improve code,improve code read
test1,test1 task for csv read
test2,test2 task
improve csv,improve this csv
improve code,improve code read
test1,test1 task for csv read
test2,test2 task
improve csv,improve this csv
improve code,improve code read
test1,test1 task for csv read
test2,test2 task
improve csv,improve this csv
improve code,improve code read
test1,test1 task for csv read
test2,test2 task
improve csv,improve this csv
improve code,improve code read
test1,test1 task for csv read
test2,test2 task
improve csv,improve this csv
improve code,improve code read
test1,test1 task for csv read
test2,test2 task
improve csv,improve this csv
improve code,improve code read
test1,test1 task for csv read
test2,test2 task
improve csv,improve this csv
improve code,improve code read
test1,test1 task for csv read
test2,test2 task
improve csv,improve this csv
improve code,improve code read
test1,test1 task for csv read
test2,test2 task
improve csv,improve this csv
improve code,improve code read
test1,test1 task for csv read
test2,test2 task
improve csv,improve this csv
improve code,improve code read
test1,test1 task for csv read
test2,test2 task
improve csv,improve this csv
improve code,improve code read
test1,test1 task for csv read
test2,test2 task
improve csv,improve this csv
improve code,improve code read
test1,test1 task for csv read
test2,test2 task
improve csv,improve this csv
improve code,improve code read
test1,test1 task for csv read
test2,test2 task
improve csv,improve this csv
improve code,improve code read
test1,test1 task for csv read
test2,test2 task
improve csv,improve this csv
improve code,improve code read
test1,test1 task for csv read
test2,test2 task
improve csv,improve this csv
improve code,improve code read
test1,test1 task for csv read
test2,test2 task
improve csv,improve this csv
improve code,improve code read
test1,test1 task for csv read
test2,test2 task
improve csv,improve this csv
improve code,improve code read
test1,test1 task for csv read
test2,test2 task
improve csv,improve this csv
improve code,improve code read
test1,test1 task for csv read
test2,test2 task
improve csv,improve this csv
improve code,improve code read
test1,test1 task for csv read
test2,test2 task
improve csv,improve this csv
improve code,improve code read
test1,test1 task for csv read
test2,test2 task
improve csv,improve this csv
improve code,improve code read
test1,test1 task for csv read
test2,test2 task
improve csv,improve this csv
improve code,improve code read
test1,test1 task for csv read
test2,test2 task
improve csv,improve this csv
improve code,improve code read
test1,test1 task for csv read
test2,test2 task
improve csv,improve this csv
improve code,improve code read
test1,test1 task for csv read
test2,test2 task
improve csv,improve this csv
improve code,improve code read
test1,test1 task for csv read
test2,test2 task
improve csv,improve this csv
improve code,improve code read
test1,test1 task for csv read
test2,test2 task
improve csv,improve this csv
improve code,improve code read
test1,test1 task for csv read
test2,test2 task
improve csv,improve this csv
improve code,improve code read
test1,test1 task for csv read
test2,test2 task
improve csv,improve this csv
improve code,improve code read
test1,test1 task for csv read
test2,test2 task
improve csv,improve this csv
improve code,improve code read
test1,test1 task for csv read
test2,test2 task
improve csv,improve this csv
improve code,improve code read
test1,test1 task for csv read
test2,test2 task
improve csv,improve this csv
improve code,improve code read
test1,test1 task for csv read
test2,test2 task
improve csv,improve this csv
improve code,improve code read
test1,test1 task for csv read
test2,test2 task
improve csv,improve this csv
improve code,improve code read
test1,test1 task for csv read
test2,test2 task
improve csv,improve this csv
improve code,improve code read
test1,test1 task for csv read
test2,test2 task
improve csv,improve this csv
improve code,improve code read
test1,test1 task for csv read
test2,test2 task
improve csv,improve this csv
improve code,improve code read
